{
  "base_model": "models/Qwen2.5-3B-Instruct",
  "target_model": "qwen",
  "optimal_threshold_loss": 1.1807182548759698,
  "optimization_score": 0.5606,
  "train_loss_stats": {
    "mean": 13.025524618530273,
    "median": 14.484375,
    "std": 4.942667460322355,
    "min": 0.08001708984375,
    "max": 23.984375
  },
  "test_loss_stats": {
    "mean": 11.425850227355957,
    "median": 12.859375,
    "std": 5.404964786329,
    "min": 0.0904541015625,
    "max": 27.328125
  },
  "train_results": {
    "overall": 0.5606,
    "precision": 0.881371932032725,
    "recall": 0.14005,
    "f1": 0.24169471050133748,
    "positive": 0.14005,
    "negative": 0.98115,
    "per_model": {
      "llama": 0.98115,
      "qwen": 0.14005
    },
    "threshold": 1.1807182548759698
  },
  "test_results": {
    "overall": 0.573125,
    "precision": 0.7364591754244139,
    "recall": 0.22775,
    "f1": 0.3479091082680924,
    "positive": 0.22775,
    "negative": 0.9185,
    "per_model": {
      "llama": 0.9185,
      "qwen": 0.22775
    },
    "threshold": 1.1807182548759698
  },
  "train_violin_plot_path": "classifiers/results/perplexity_classifier_qwen_375/logloss_violin_train_qwen_Qwen2.5-3B-Instruct.png",
  "test_violin_plot_path": "classifiers/results/perplexity_classifier_qwen_375/logloss_violin_test_qwen_Qwen2.5-3B-Instruct.png"
}